{"cameraMode":{"drawMode":0,"name":"Shaded","section":"Shading Mode"},"sceneLighting":false,"audioPlay":false,"sceneViewState":{"m_AlwaysRefresh":false,"showFog":true,"showSkybox":false,"showFlares":true,"showImageEffects":true,"showParticleSystems":true,"showVisualEffectGraphs":true,"m_FxEnabled":true},"in2DMode":false,"pivot":{"x":1.2630000114440919,"y":0.2939999997615814,"z":3.9690001010894777},"rotation":{"x":0.2752324640750885,"y":-0.6587499380111694,"z":0.28310635685920718,"w":0.6404275298118591},"size":0.24069437384605409,"orthographic":false}